seq,HOTA___5,HOTA___AUC,DetA___5,DetA___AUC,AssA___5,AssA___AUC,DetRe___5,DetRe___AUC,DetPr___5,DetPr___AUC,AssRe___5,AssRe___AUC,AssPr___5,AssPr___AUC,LocA___5,LocA___AUC,OWTA___5,OWTA___AUC,HOTA_TP___5,HOTA_TP___AUC,HOTA_FN___5,HOTA_FN___AUC,HOTA_FP___5,HOTA_FP___AUC,MOTA,MOTP,MODA,CLR_Re,CLR_Pr,MTR,PTR,MLR,sMOTA,CLR_F1,FP_per_frame,MOTAL,MOTP_sum,CLR_TP,CLR_FN,CLR_FP,IDSW,MT,PT,ML,Frag,CLR_Frames,Dets,GT_Dets,IDs,GT_IDs
0,0.8695938539970286,0.8695938539970286,0.9633577614923384,0.9633577614923384,0.7849560164834148,0.7849560164834148,0.9678714859437751,0.9678714859437751,0.9951823812801102,0.9951823812801102,0.9053851923475978,0.9053851923475978,0.8304893130064992,0.8304893130064992,0.9910633323201665,0.9910633323201665,0.8716286744218028,0.8716286744218028,1446.0,1446.0,48.0,48.0,7.0,7.0,0.9384203480589023,0.9890482196246849,0.9605087014725568,0.9665327978580991,0.993805918788713,0.9342105263157895,0.039473684210526314,0.02631578947368421,0.9278350931312216,0.9799796403121819,0.225,0.9594922932129331,1428.185629138045,1444,50,9,33,71,3,2,21.0,40,1453,1494,63,76
COMBINED,0.8695938539970286,0.8695938539970286,0.9633577614923384,0.9633577614923384,0.7849560164834148,0.7849560164834148,0.9678714859437751,0.9678714859437751,0.9951823812801102,0.9951823812801102,0.9053851923475978,0.9053851923475978,0.8304893130064992,0.8304893130064992,0.9910633323201665,0.9910633323201665,0.8716286744218028,0.8716286744218028,1446.0,1446.0,48.0,48.0,7.0,7.0,0.9384203480589023,0.9890482196246849,0.9605087014725568,0.9665327978580991,0.993805918788713,0.9342105263157895,0.039473684210526314,0.02631578947368421,0.9278350931312216,0.9799796403121819,0.225,0.9594922932129331,1428.185629138045,1444,50,9,33,71,3,2,21.0,40,1453,1494,63,76
